{"cameraMode":{"drawMode":0,"name":"Shaded","section":"Shading Mode"},"sceneLighting":false,"audioPlay":false,"sceneViewState":{"showFog":true,"showMaterialUpdate":false,"showSkybox":true,"showFlares":true,"showImageEffects":true,"showParticleSystems":true},"in2DMode":false,"pivot":{"x":-10.168709754943848,"y":1.5291802883148194,"z":-2.1460494995117189},"rotation":{"x":0.16439588367938996,"y":-0.1499919593334198,"z":0.02530849725008011,"w":0.974595308303833},"size":3.867579698562622,"orthographic":false}