{"cameraMode":{"drawMode":0,"name":"Shaded","section":"Shading Mode"},"sceneLighting":false,"audioPlay":false,"sceneViewState":{"showFog":true,"showMaterialUpdate":false,"showSkybox":true,"showFlares":true,"showImageEffects":true,"showParticleSystems":true},"in2DMode":false,"pivot":{"x":-5.503918647766113,"y":0.7323787808418274,"z":-0.0012126266956329346},"rotation":{"x":0.09593002498149872,"y":-0.10402543842792511,"z":0.01008852943778038,"w":0.9898860454559326},"size":1.96630859375,"orthographic":false}