{"cameraMode":{"drawMode":0,"name":"Shaded","section":"Shading Mode"},"sceneLighting":false,"audioPlay":false,"sceneViewState":{"showFog":true,"showMaterialUpdate":false,"showSkybox":true,"showFlares":true,"showImageEffects":true,"showParticleSystems":true},"in2DMode":false,"pivot":{"x":-5.075594425201416,"y":1.5693966150283814,"z":0.0033887922763824465},"rotation":{"x":0.038093965500593188,"y":0.01798243075609207,"z":-0.0006763060227967799,"w":0.9991121292114258},"size":3.547975540161133,"orthographic":false}