{"cameraMode":{"drawMode":0,"name":"Shaded","section":"Shading Mode"},"sceneLighting":false,"audioPlay":false,"sceneViewState":{"showFog":true,"showMaterialUpdate":false,"showSkybox":true,"showFlares":true,"showImageEffects":true,"showParticleSystems":true},"in2DMode":false,"pivot":{"x":-2.3534228801727297,"y":1.0392385721206666,"z":4.76837158203125e-7},"rotation":{"x":0.12053193897008896,"y":0.03691674396395683,"z":-0.004478317219763994,"w":0.9920127391815186},"size":5.311077117919922,"orthographic":false}