{"cameraMode":{"drawMode":0,"name":"Shaded","section":"Shading Mode"},"sceneLighting":false,"audioPlay":false,"sceneViewState":{"showFog":true,"showMaterialUpdate":false,"showSkybox":true,"showFlares":true,"showImageEffects":true,"showParticleSystems":true},"in2DMode":false,"pivot":{"x":0.5567016005516052,"y":1.1505675315856934,"z":0.007197430357336998},"rotation":{"x":0.06803708523511887,"y":0.023938417434692384,"z":-0.0016236209776252509,"w":0.9973942637443543},"size":3.570561647415161,"orthographic":false}