{"cameraMode":{"drawMode":0,"name":"Shaded","section":"Shading Mode"},"sceneLighting":false,"audioPlay":false,"sceneViewState":{"showFog":true,"showMaterialUpdate":false,"showSkybox":true,"showFlares":true,"showImageEffects":true,"showParticleSystems":true},"in2DMode":false,"pivot":{"x":-29.63129234313965,"y":0.8391217589378357,"z":0.01622193120419979},"rotation":{"x":0.16439588367938996,"y":-0.1499919593334198,"z":0.02530849725008011,"w":0.974595308303833},"size":2.823367118835449,"orthographic":false}