{"cameraMode":{"drawMode":0,"name":"Shaded","section":"Shading Mode"},"sceneLighting":false,"audioPlay":false,"sceneViewState":{"showFog":true,"showMaterialUpdate":false,"showSkybox":true,"showFlares":true,"showImageEffects":true,"showParticleSystems":true},"in2DMode":false,"pivot":{"x":-3.671665668487549,"y":0.8686245679855347,"z":-0.21959304809570313},"rotation":{"x":-0.020386921241879464,"y":0.014991901814937592,"z":0.0003150427946820855,"w":0.999679684638977},"size":5.227055072784424,"orthographic":false}