{"cameraMode":{"drawMode":0,"name":"Shaded","section":"Shading Mode"},"sceneLighting":false,"audioPlay":false,"sceneViewState":{"showFog":true,"showMaterialUpdate":false,"showSkybox":true,"showFlares":true,"showImageEffects":true,"showParticleSystems":true},"in2DMode":false,"pivot":{"x":7.7071380615234379,"y":0.9174420237541199,"z":-0.01836681365966797},"rotation":{"x":0.038093965500593188,"y":0.01798243075609207,"z":-0.0006763060227967799,"w":0.9991121292114258},"size":6.218842029571533,"orthographic":false}